<PAMDataset>
  <Metadata>
    <MDI key="add_offset">0</MDI>
    <MDI key="scale_factor">0.0001</MDI>
    <MDI key="units">reflectance</MDI>
  </Metadata>
  <PAMRasterBand band="1">
    <Metadata>
      <MDI key="STATISTICS_MAXIMUM">8694</MDI>
      <MDI key="STATISTICS_MEAN">1039.0676958804</MDI>
      <MDI key="STATISTICS_MINIMUM">-1649</MDI>
      <MDI key="STATISTICS_STDDEV">1490.617310804</MDI>
      <MDI key="STATISTICS_VALID_PERCENT">100</MDI>
    </Metadata>
  </PAMRasterBand>
</PAMDataset>
