<PAMDataset>
  <Metadata>
    <MDI key="add_offset">0</MDI>
    <MDI key="scale_factor">0.0001</MDI>
    <MDI key="units">reflectance</MDI>
  </Metadata>
  <PAMRasterBand band="1">
    <Metadata>
      <MDI key="STATISTICS_MAXIMUM">10092</MDI>
      <MDI key="STATISTICS_MEAN">1421.7030120648</MDI>
      <MDI key="STATISTICS_MINIMUM">-736</MDI>
      <MDI key="STATISTICS_STDDEV">1883.2122458504</MDI>
      <MDI key="STATISTICS_VALID_PERCENT">100</MDI>
    </Metadata>
  </PAMRasterBand>
</PAMDataset>
