<PAMDataset>
  <Metadata>
    <MDI key="add_offset">0</MDI>
    <MDI key="scale_factor">0.0001</MDI>
    <MDI key="units">reflectance</MDI>
  </Metadata>
  <PAMRasterBand band="1">
    <Metadata>
      <MDI key="STATISTICS_MAXIMUM">8910</MDI>
      <MDI key="STATISTICS_MEAN">1350.1412180174</MDI>
      <MDI key="STATISTICS_MINIMUM">-2000</MDI>
      <MDI key="STATISTICS_STDDEV">1790.4777679983</MDI>
      <MDI key="STATISTICS_VALID_PERCENT">100</MDI>
    </Metadata>
  </PAMRasterBand>
</PAMDataset>
