<PAMDataset>
  <Metadata>
    <MDI key="add_offset">0</MDI>
    <MDI key="scale_factor">0.0001</MDI>
    <MDI key="units">reflectance</MDI>
  </Metadata>
  <PAMRasterBand band="1">
    <Metadata>
      <MDI key="STATISTICS_MAXIMUM">9571</MDI>
      <MDI key="STATISTICS_MEAN">1531.0609970594</MDI>
      <MDI key="STATISTICS_MINIMUM">-529</MDI>
      <MDI key="STATISTICS_STDDEV">1783.0916753596</MDI>
      <MDI key="STATISTICS_VALID_PERCENT">100</MDI>
    </Metadata>
  </PAMRasterBand>
</PAMDataset>
