<PAMDataset>
  <Metadata>
    <MDI key="add_offset">0</MDI>
    <MDI key="scale_factor">0.0001</MDI>
    <MDI key="units">reflectance</MDI>
  </Metadata>
  <PAMRasterBand band="1">
    <Metadata>
      <MDI key="STATISTICS_MAXIMUM">11071</MDI>
      <MDI key="STATISTICS_MEAN">3693.5087806084</MDI>
      <MDI key="STATISTICS_MINIMUM">-246</MDI>
      <MDI key="STATISTICS_STDDEV">1758.2934768978</MDI>
      <MDI key="STATISTICS_VALID_PERCENT">100</MDI>
    </Metadata>
  </PAMRasterBand>
</PAMDataset>
