<PAMDataset>
  <Metadata>
    <MDI key="add_offset">0</MDI>
    <MDI key="scale_factor">0.0001</MDI>
    <MDI key="units">reflectance</MDI>
  </Metadata>
  <PAMRasterBand band="1">
    <Metadata>
      <MDI key="STATISTICS_MAXIMUM">5457</MDI>
      <MDI key="STATISTICS_MEAN">2996.1760734364</MDI>
      <MDI key="STATISTICS_MINIMUM">1424</MDI>
      <MDI key="STATISTICS_STDDEV">1117.0216843216</MDI>
      <MDI key="STATISTICS_VALID_PERCENT">52.92</MDI>
    </Metadata>
  </PAMRasterBand>
</PAMDataset>
