<PAMDataset>
  <Metadata>
    <MDI key="add_offset">0</MDI>
    <MDI key="scale_factor">0.0001</MDI>
    <MDI key="units">reflectance</MDI>
  </Metadata>
  <PAMRasterBand band="1">
    <Metadata>
      <MDI key="STATISTICS_MAXIMUM">9881</MDI>
      <MDI key="STATISTICS_MEAN">1130.5277159425</MDI>
      <MDI key="STATISTICS_MINIMUM">-776</MDI>
      <MDI key="STATISTICS_STDDEV">1612.6886739407</MDI>
      <MDI key="STATISTICS_VALID_PERCENT">100</MDI>
    </Metadata>
  </PAMRasterBand>
</PAMDataset>
