<PAMDataset>
  <Metadata>
    <MDI key="add_offset">0</MDI>
    <MDI key="scale_factor">0.0001</MDI>
    <MDI key="units">reflectance</MDI>
  </Metadata>
  <PAMRasterBand band="1">
    <Metadata>
      <MDI key="STATISTICS_MAXIMUM">10990</MDI>
      <MDI key="STATISTICS_MEAN">3444.2893272323</MDI>
      <MDI key="STATISTICS_MINIMUM">-93</MDI>
      <MDI key="STATISTICS_STDDEV">1697.3767634439</MDI>
      <MDI key="STATISTICS_VALID_PERCENT">100</MDI>
    </Metadata>
  </PAMRasterBand>
</PAMDataset>
