<PAMDataset>
  <Metadata>
    <MDI key="add_offset">0</MDI>
    <MDI key="scale_factor">0.0001</MDI>
    <MDI key="units">reflectance</MDI>
  </Metadata>
  <PAMRasterBand band="1">
    <Metadata>
      <MDI key="STATISTICS_MAXIMUM">8430</MDI>
      <MDI key="STATISTICS_MEAN">1310.6450792866</MDI>
      <MDI key="STATISTICS_MINIMUM">-2000</MDI>
      <MDI key="STATISTICS_STDDEV">1749.5071538231</MDI>
      <MDI key="STATISTICS_VALID_PERCENT">100</MDI>
    </Metadata>
  </PAMRasterBand>
</PAMDataset>
