<PAMDataset>
  <Metadata>
    <MDI key="add_offset">0</MDI>
    <MDI key="scale_factor">0.0001</MDI>
    <MDI key="units">reflectance</MDI>
  </Metadata>
  <PAMRasterBand band="1">
    <Metadata>
      <MDI key="STATISTICS_MAXIMUM">8189</MDI>
      <MDI key="STATISTICS_MEAN">995.12306593015</MDI>
      <MDI key="STATISTICS_MINIMUM">-2000</MDI>
      <MDI key="STATISTICS_STDDEV">1442.0373643327</MDI>
      <MDI key="STATISTICS_VALID_PERCENT">100</MDI>
    </Metadata>
  </PAMRasterBand>
</PAMDataset>
