<PAMDataset>
  <Metadata>
    <MDI key="add_offset">0</MDI>
    <MDI key="scale_factor">0.0001</MDI>
    <MDI key="units">reflectance</MDI>
  </Metadata>
  <PAMRasterBand band="1">
    <Metadata>
      <MDI key="STATISTICS_MAXIMUM">5484</MDI>
      <MDI key="STATISTICS_MEAN">3027.5040055051</MDI>
      <MDI key="STATISTICS_MINIMUM">1438</MDI>
      <MDI key="STATISTICS_STDDEV">1123.4423430044</MDI>
      <MDI key="STATISTICS_VALID_PERCENT">52.92</MDI>
    </Metadata>
  </PAMRasterBand>
</PAMDataset>
