<PAMDataset>
  <Metadata>
    <MDI key="add_offset">0</MDI>
    <MDI key="scale_factor">0.0001</MDI>
    <MDI key="units">reflectance</MDI>
  </Metadata>
  <PAMRasterBand band="1">
    <Metadata>
      <MDI key="STATISTICS_MAXIMUM">7491</MDI>
      <MDI key="STATISTICS_MEAN">1311.5613131063</MDI>
      <MDI key="STATISTICS_MINIMUM">16</MDI>
      <MDI key="STATISTICS_STDDEV">1341.1475149031</MDI>
      <MDI key="STATISTICS_VALID_PERCENT">100</MDI>
    </Metadata>
  </PAMRasterBand>
</PAMDataset>
