<PAMDataset>
  <Metadata>
    <MDI key="add_offset">0</MDI>
    <MDI key="scale_factor">0.0001</MDI>
    <MDI key="units">reflectance</MDI>
  </Metadata>
  <PAMRasterBand band="1">
    <Metadata>
      <MDI key="STATISTICS_MAXIMUM">9344</MDI>
      <MDI key="STATISTICS_MEAN">1235.6359895017</MDI>
      <MDI key="STATISTICS_MINIMUM">-503</MDI>
      <MDI key="STATISTICS_STDDEV">1515.2166089636</MDI>
      <MDI key="STATISTICS_VALID_PERCENT">100</MDI>
    </Metadata>
  </PAMRasterBand>
</PAMDataset>
