<PAMDataset>
  <Metadata>
    <MDI key="add_offset">0</MDI>
    <MDI key="scale_factor">0.0001</MDI>
    <MDI key="units">reflectance</MDI>
  </Metadata>
  <PAMRasterBand band="1">
    <Metadata>
      <MDI key="STATISTICS_MAXIMUM">2068</MDI>
      <MDI key="STATISTICS_MEAN">1290.098053727</MDI>
      <MDI key="STATISTICS_MINIMUM">702</MDI>
      <MDI key="STATISTICS_STDDEV">345.93324607716</MDI>
      <MDI key="STATISTICS_VALID_PERCENT">52.92</MDI>
    </Metadata>
  </PAMRasterBand>
</PAMDataset>
