<PAMDataset>
  <Metadata>
    <MDI key="add_offset">0</MDI>
    <MDI key="scale_factor">0.0001</MDI>
    <MDI key="units">reflectance</MDI>
  </Metadata>
  <PAMRasterBand band="1">
    <Metadata>
      <MDI key="STATISTICS_MAXIMUM">8352</MDI>
      <MDI key="STATISTICS_MEAN">2175.544356501</MDI>
      <MDI key="STATISTICS_MINIMUM">-27</MDI>
      <MDI key="STATISTICS_STDDEV">1463.1037875196</MDI>
      <MDI key="STATISTICS_VALID_PERCENT">100</MDI>
    </Metadata>
  </PAMRasterBand>
</PAMDataset>
